gene_id	baseMean	log2FoldChange	lfcSE	pvalue	padj
ENSMUSG00000021609	100.241	4.425865	2.51284282	7.999196e-07	0.001322711
ENSMUSG00000024256	13.06942	3.595249	1.33602562	2.719689e-07	0.0008094882
ENSMUSG00000026058	205.6944	1.003258	0.2005623	3.158933e-09	2.350562e-05
ENSMUSG00000030110	57.70485	1.654716	1.21474421	3.147861e-06	0.003756886
ENSMUSG00000040452	108.5289	1.318536	0.41300051	5.434667e-07	0.001322711
ENSMUSG00000090546	263.9742	17.18877	2.82380666	5.834913e-10	8.683517e-06
ENSMUSG00000103497	62.00633	1.140312	0.37324625	7.224537e-07	0.001322711
ENSMUSG00000106855	46.70392	1.014944	0.54555929	6.513926e-06	0.006058766
