gene_id	baseMean	log2FoldChange	lfcSE	pvalue	padj
ENSMUSG00000035202	146593.5	-4.121727	3.86344676	8.618386e-07	0.005788539
ENSMUSG00000065870	56.05285	24.89863	2.9500351	1.733787e-17	2.328996e-13
ENSMUSG00000105361	9722.807	-32.13401	2.94963606	4.517892e-28	1.213777e-23
